{
  "experiment_id": "grid_search_1_20260314_020339_523171",
  "timestamp": "2026-03-14T02:03:39.589998",
  "status": "success",
  "parameters": {
    "a": 1,
    "b": 4
  },
  "metrics": {
    "sharpe_ratio": 0.7184090954377389,
    "max_drawdown": 0.024387826615226392,
    "total_return": 0.05173409842034299
  },
  "duration_seconds": 1.2e-05,
  "error": null
}